name,brandId
펜디,1
프라다,2
샤넬,3
톰브라운,4
루이비통,5
구찌,6
버버리,7
요시다 포터,8
디올,9
나이키,10
보테가베네타,11
발리,12
생로랑,13
셀린느,14
스톤아일랜드,15
지방시,16
스투시,17
고야드,18
발렌시아가,19
르메르,20
내셔널 퍼블리시티,21
코치,22
몽블랑,23
몬스터리퍼블릭,24
왈라루,25
클라터뮤젠,26
캘빈클라인,27
슈프림,28
투미,29
에르메스,30
메종마르지엘라,31
아미,32
블루드쇼프,33
메종키츠네,34
마리오 발렌티노,35
파타고니아,36
아크네 스튜디오,37
아페쎄,38
MSGM,39
타미힐피거,40
리모와,41
바버,42
노스페이스,43
쟈크뮈스,44
겐조,45
로에베,46
아디다스,47
모이에토이 파리스,48
CP컴퍼니,49
필슨,50
꼼데가르송 플레이,51
발렌티노,52
톰포드,53
꼼데가르송,54
디젤,55
우영미,56
이세이미야케,57
코스,58
살바토레 페라가모,59
어콜드월,60
맥포스,61
미우미우,62
칼하트,63
라코스테,64
돌체앤가바나,65
라브라크,66
롱샴,67
쿠드기어,68
몽클레르,69
글로브트로터,70
파라점퍼스,71
스프레이그라운드,72
브루넬로 쿠치넬리,73
오프화이트,74
데우스 엑스 마키나,75
알렉산더 맥퀸,76
마르니,77
아크테릭스,78
필립플레인 스포츠,79
휴고보스,80
닐바렛,81
폴로 랄프로렌,82
멀버리,83
구이디,84
말본 골프,85
이스트팩,86
모노폴드,87
칼 라거펠트,88
프라이탁,89
인포트,90
미녹,91
밴웍스,92
엠포리오 아르마니,93
비즈빔,94
오르치아니,95
질샌더,96
아더에러,97
베르사체,98
폴스미스,99
밋맷밋,100
랑방,101
아워레가시,102
사카이,103
뉴발란스,104
아식스,105
오트리,106
컨버스,107
골든구스,108
메종 미하라 야스히로,109
파라부트,110
부테로,111
어그,112
슈페너,113
문부츠,114
로로피아나,115
키톤,116
에버 어그,117
캠퍼,118
토즈,119
비에스큐티,120
헌터,121
콜한,122
베자,123
버켄스탁,124
프리미아타,125
오니츠카타이거,126
리복,127
오즈웨어 어그,128
디에메,129
필립플레인,130
아디다스 오리지널,131
비비안 웨스트우드,132
클락스,133
와이쓰리,134
플랩에프,135
버니몽아모르,136
닥터마틴,137
미하라 야스히로,138
지포어,139
마이애미프로젝트,140
마르셀,141
버윅 슈즈,142
살로몬,143
조단,144
반스,145
에코,146
산토니,147
애리조나 러브,148
R13,149
릭오웬스,150
팀버랜드,151
크리스찬 루부탱,152
존 롭,153
풋조이,154
소렐,155
토가,156
핏플랍,157
발망,158
벨루티,159
오데마 피게,160
가니,161
태그호이어,162
롤렉스,163
에스티듀퐁,164
해밀턴,165
탭루덴스,166
마이클코어스,167
메종 르자비,168
오가프,169
칼하트윕,170
까르띠에,171
스와치,172
돈포겟미,173
올리버 피플스,174
휴먼메이드,175
디스퀘어드2,176
아메리칸 빈티지,177
부세미,178
블랙블론드,179
토템,180
다임,181
페프스튜디오,182
캐나다구스,183
아르마니진,184
에르메네질도 제냐,185
오클리,186
쿠레주,187
에르노,188
인더스트,189
무스너클,190
피어오브갓 에센셜,191
크럼프,192
포에드클럽,193
와이씨더블유,194
맥케이지,195
DKNY,196
노비스,197
피엑스지,198
이자벨마랑,199
아이앱 스튜디오,200
그레이블러밧,201
익스프레스홀리데이,202
리바이스,203
스탠다드에러,204
미스터 앤 미세스 이태리,205
롤링스튜디오,206
플루크,207
어낫띵,208
오프그리드,209
소루,210
피어오브갓,211
와이프로젝트,212
텐씨,213
듀베티카,214
제이린드버그,215
버튼서울,216
말렌,217
블릭베이크,218
블랙맘바,219
바라쿠타,220
피레넥스,221
라르디니,222
누아클레,223
필로그램,224
준지,225
팔라스,226
트래드클럽,227
인터섹션,228
테네르,229
하울링,230
단톤,231
알파 인더스트리,232
베트멍,233
피엘라벤,234
다미아니,235
베이스클레프,236
크롬하츠,237
토리버치,238
블레스드 뷸렛,239
인 골드 위 트러스트 파리,240
데이비드 율만,241
르 그램,242
프레드,243
해튼 랩스,244
피그앤헨,245
티파니앤코,246
올블루스,247
베링,248
미안사이,249
WALTER VAN BEIRENDONCK,250
숀린,251
CHOPOVA LOWENA,252
드리스반노튼,253
빔즈,254
엠마누엘레 비꼬끼,255
도도,256
아미리,257
1017 알릭스 9SM,258
니들스,259
앰부쉬,260
울리치,261
부쉐론,262
저스틴 클렁퀴,263
앨런크로세티,264
마르코 판코네시,265
언더커버,266
펑첸왕,267
스톨런 걸프렌즈 클럽,268
스포티 앤 리치,269
에스에스와이,270
라모랭,271
베르크슈타트 뮌헨,272
프레드페리,273
록산느 애슐린,274
패리스,275
노스스컬,276
게스,277
헤론 프레스턴,278
판도라,279
알렉산더왕,280
톰 우드,281
카사블랑카,282
블루 번햄,283
ELIOU,284
이자벨마랑 에뚜왈,285
알렉스 밀,286
막스마라 스포트막스,287
알라누이,288
꼬르넬리아니,289
누디진,290
유니버셜웍스,291
끌로에,292
엘노이,293
에크릿,294
르마스크,295
폴렌느,296
더로우,297
마크제이콥스,298
드래곤 디퓨전,299
낫노잉,300
에트로,301
피치바스켓마켓,302
리민,303
헬렌 카민스키,304
아가타 어패럴,305
사비,306
스타우드,307
바네사 브루노,308
아르마니 익스체인지,309
오프닝선샤인,310
PATOU,311
텔파,312
DK 어그,313
지미추,314
로저비비에,315
모스키노,316
베로니카포런던,317
레페토,318
막스마라,319
마놀로 블라닉,320
플로리다스튜디오,321
MOU,322
스티유,323
슈하이,324
헤레우,325
스튜어트 와이츠먼,326
JW 앤더슨,327
쥬세페자노티,328
아쉬,329
에이레네,330
말론슐져,331
알뜨알레,332
크리스틴,333
필립모델,334
고코리,335
꼼파뇨,336
씨웨어 바이 더 지니어스,337
고비,338
행키팽키,339
불가리,340
젠틀몬스터,341
엔디에이,342
쟈딕앤볼테르,343
어다울,344
스와로브스키,345
노이어 포 우먼,346
아브라함문,347
마쥬,348
브라운햇,349
보연,350
르세지엠,351
미테,352
에스 막스마라,353
클레어 드 세이지,354
메타퍼,355
페트레이,356
에이리프,357
IENKI IENKI,358
애드,359
위켄드 막스마라,360
마카사이트,361
더그린랩,362
매그제이,363
서브셋,364
디아레,365
미케네,366
아방,367
팔로마 울,368
쏘리투머치러브,369
알에스나인서울,370
루그너,371
웬위윌,372
클로엣,373
띠어리,374
에트오소메,375
티나블러썸,376
위세임 랩,377
산드로,378
엔타이어 스튜디오,379
슈슈/통,380
AFTER LABEL,381
엠므,382
킴지수,383
막스마라 레저,384
모트,385
시그레이트,386
이로,387
얼킨,388
셀프포트레이트,389
쥴리앤칼라,390
쿠키시,391
하이스쿨디스코,392
까이에,393
르희 캐시미어,394
라뮤스튜디오,395
38컴온커먼,396
률앤와이,397
마나비스세븐,398
라이,399
클린,400
꺅,401
반클리프앤아펠,402
크리스탈 헤이즈,403
소피 부하이,404
마그다 뷰트림,405
아마디,406
엘엔엠디,407
가만,408
켈리도나휴,409
부첼라티,410
소수,411
GIGI CLOZEAU,412
ANNIKA INEZ,413
